tool,iteration,duration_total_sec,duration_install_sec,duration_topology_sec,convergence_sec,cpu_min_pct,cpu_max_pct,cpu_avg_pct,mem_min_pct,mem_max_pct,mem_avg_pct,net_rx_mb,net_tx_mb,net_rx_rate_mbps,net_tx_rate_mbps,disk_read_mb,disk_write_mb,ops_count
Ansible,2,284.967,134.434,115.322,35.211,0.0,100.0,23.9,11.5,21.9,15.7,1495.86,2.87,5.989,0.011,255.62,5689.79,13
Ansible,1,287.526,133.960,113.689,39.877,0.5,100.0,24.2,11.4,25.3,15.9,1495.86,2.98,6.040,0.012,200.09,5946.95,13
Ansible,2,293.463,136.604,115.681,41.178,0.0,99.2,24.4,11.5,25.5,16.0,1495.81,2.61,5.929,0.010,211.05,5561.75,13
Ansible,2,289.215,133.635,115.150,40.430,0.5,100.0,24.6,11.7,23.4,15.8,1495.87,2.79,6.013,0.011,240.01,5568.86,13
Ansible,1,296.542,137.977,117.493,41.072,0.0,100.0,24.3,11.6,24.4,15.9,1503.44,2.75,5.885,0.011,233.84,5562.59,13
Ansible,2,287.688,134.724,116.773,36.191,0.5,100.0,24.2,11.6,23.4,15.8,1541.76,2.40,6.130,0.010,245.15,5624.20,13
Ansible,2,282.846,132.586,114.964,35.296,0.0,100.0,24.2,11.5,23.1,15.9,1495.88,2.82,6.043,0.011,234.81,5572.88,13
Ansible,2,288.535,136.031,116.346,36.158,0.5,100.0,24.3,11.6,23.2,15.7,1541.94,2.91,6.110,0.012,222.09,5759.63,13
Ansible,1,288.642,135.402,117.282,35.958,0.5,100.0,24.1,11.7,25.7,16.0,1495.89,2.82,5.920,0.011,220.80,6183.46,13
Ansible,2,292.507,137.649,114.820,40.038,0.5,100.0,23.4,11.6,24.1,15.8,1495.85,2.81,5.925,0.011,206.88,5556.53,13
Ansible,2,286.243,136.025,114.582,35.636,0.5,100.0,23.9,11.8,24.0,16.1,1495.88,2.99,5.969,0.012,220.13,5566.43,13
Ansible,2,290.674,138.458,116.192,36.024,0.0,100.0,24.3,11.5,23.2,15.8,1495.90,2.96,5.874,0.012,235.81,5569.95,13
Ansible,2,285.698,133.423,116.554,35.721,0.0,100.0,23.8,11.5,23.7,15.8,1495.92,3.03,5.984,0.012,218.81,5562.52,13
Ansible,2,293.064,136.656,116.262,40.146,0.5,100.0,24.3,11.9,23.5,16.0,1495.81,2.96,5.914,0.012,239.04,5706.19,13
Ansible,2,285.588,133.010,115.368,37.210,0.5,100.0,23.3,11.3,23.2,15.8,1495.87,2.99,6.023,0.012,226.40,5551.11,13
Ansible,2,293.188,138.658,113.834,40.696,0.0,100.0,24.6,11.6,24.0,15.8,1495.95,3.03,5.925,0.012,230.90,5671.33,13
Ansible,2,292.060,137.133,115.103,39.824,0.5,100.0,23.8,11.5,23.5,15.8,1495.89,2.97,5.931,0.012,198.62,5563.86,13
Ansible,1,291.753,140.107,116.095,35.551,0.0,100.0,24.6,11.5,23.8,15.8,1496.04,2.68,5.839,0.010,218.95,5879.96,13
Ansible,2,294.637,137.318,116.078,41.241,0.0,100.0,24.9,11.5,23.6,16.0,1495.82,2.73,5.903,0.011,226.94,5577.54,13
Ansible,2,290.898,135.746,117.267,37.885,0.0,100.0,24.9,11.3,25.0,15.7,1495.51,2.77,5.911,0.011,221.25,5555.42,13
Ansible,2,293.292,139.256,116.826,37.210,0.5,100.0,24.6,11.3,23.6,15.9,1513.83,2.73,5.912,0.011,215.82,5606.07,13
Ansible,2,287.779,135.859,115.602,36.318,0.0,100.0,24.0,11.3,24.5,15.9,1495.87,2.85,5.949,0.011,211.43,5560.79,13
Ansible,2,294.956,138.976,115.727,40.253,0.5,100.0,24.9,11.6,24.7,15.9,1514.30,2.70,5.945,0.011,246.95,5575.17,13
Ansible,2,290.174,137.148,115.506,37.520,0.0,100.0,24.8,11.9,23.7,16.5,1497.67,2.93,5.928,0.012,231.59,5704.35,13
Ansible,2,295.308,138.556,116.410,40.342,0.0,100.0,24.7,11.5,25.0,16.1,1495.93,3.02,5.867,0.012,268.22,5568.78,13
Ansible,2,290.226,134.693,115.334,40.199,0.5,99.5,24.4,11.3,23.8,15.8,1495.81,2.75,5.983,0.011,194.66,5560.23,13
Ansible,1,429.310,170.731,222.655,35.924,0.0,100.0,16.3,11.5,24.3,16.1,1541.99,5.85,3.920,0.015,273.25,5777.97,13
Ansible,2,299.830,141.098,117.512,41.220,0.5,100.0,24.5,11.8,22.8,16.0,1495.83,2.84,5.784,0.011,256.24,5566.46,13
Ansible,2,295.950,137.946,117.219,40.785,0.0,100.0,25.1,11.6,24.3,16.0,1495.79,2.47,5.862,0.010,246.39,5563.91,13
Ansible,2,297.292,139.604,116.726,40.962,0.5,100.0,24.6,11.5,23.2,15.8,1495.80,2.59,5.835,0.010,190.51,5563.62,13
Ansible,2,287.811,133.026,114.693,40.092,0.5,100.0,23.5,12.0,23.9,16.0,1495.91,2.98,6.039,0.012,227.73,5566.22,13
Ansible,1,287.608,133.716,117.192,36.700,0.5,100.0,23.5,11.6,23.5,15.9,1517.33,2.87,6.047,0.011,252.43,5920.87,13
Ansible,2,296.498,137.084,118.215,41.199,0.0,100.0,24.6,11.6,22.4,15.9,1497.16,2.98,5.864,0.012,223.12,5574.09,13
Ansible,2,292.173,137.365,117.227,37.581,0.0,100.0,24.4,11.8,24.4,16.0,1511.09,2.78,5.935,0.011,224.59,5567.44,13
Ansible,2,290.283,133.447,116.851,39.985,0.5,100.0,23.8,11.3,24.8,15.8,1542.02,3.19,6.161,0.013,226.35,5718.45,13
Ansible,2,288.781,136.640,116.150,35.991,0.0,100.0,24.1,11.3,23.5,15.8,1495.90,3.14,5.918,0.012,252.91,5549.97,13
Ansible,2,288.565,134.285,118.156,36.124,0.5,99.5,24.0,11.3,23.6,15.9,1500.23,3.09,5.943,0.012,250.59,5565.42,13
Ansible,1,289.538,135.848,116.353,37.337,0.5,100.0,24.6,12.0,24.2,16.1,1495.87,2.74,5.931,0.011,243.18,6092.75,13
Ansible,2,288.221,135.359,116.804,36.058,0.0,100.0,24.0,11.5,23.6,15.9,1495.90,2.98,5.932,0.012,238.07,5792.49,13
Ansible,2,292.498,137.634,117.909,36.955,0.5,100.0,24.7,11.6,23.9,15.8,1541.91,2.69,6.034,0.011,233.01,5639.57,13
Ansible,2,289.497,134.622,118.784,36.091,0.5,99.5,24.2,11.6,24.5,15.9,1495.89,2.92,5.903,0.012,219.04,5563.92,13
Ansible,2,292.045,137.860,118.379,35.806,0.0,100.0,23.7,11.7,24.5,15.9,1529.71,2.93,5.970,0.011,212.28,5726.04,13
Ansible,2,293.899,134.794,117.991,41.114,0.0,100.0,24.1,11.5,23.9,15.9,1541.95,2.92,6.100,0.012,245.41,5707.83,13
Ansible,2,288.696,135.605,117.710,35.381,0.0,100.0,24.0,11.3,24.3,15.9,1495.88,2.95,5.905,0.012,203.70,5562.61,13
Ansible,2,287.128,135.845,115.817,35.466,0.0,100.0,24.2,11.5,24.8,15.8,1495.88,2.79,5.944,0.011,233.57,5569.99,13
Ansible,2,296.259,137.747,117.461,41.051,0.0,100.0,24.3,11.3,24.4,15.8,1495.86,2.95,5.861,0.012,219.15,5563.66,13
Ansible,2,285.799,133.294,116.581,35.924,0.0,100.0,24.4,11.6,22.7,15.8,1495.91,3.02,5.987,0.012,253.97,5566.31,13
Ansible,2,298.604,139.661,117.850,41.093,0.5,100.0,25.2,11.5,25.0,15.8,1495.90,3.54,5.809,0.014,214.38,5559.61,13
Ansible,2,288.961,131.438,116.366,41.157,0.0,100.0,22.9,11.6,23.9,15.7,1495.91,3.05,6.037,0.012,245.37,5567.66,13
Ansible,2,290.225,133.239,116.112,40.874,0.5,100.0,23.6,11.6,23.6,15.9,1495.94,3.12,5.999,0.013,247.02,5579.66,13
Ansible,1,295.802,137.810,117.384,40.608,0.5,100.0,24.1,11.7,23.1,15.9,1495.85,2.85,5.862,0.011,234.52,5700.16,13
Ansible,2,296.913,137.319,118.986,40.608,0.5,100.0,24.3,11.6,24.4,16.0,1495.85,2.78,5.836,0.011,240.89,5567.86,13
Ansible,2,286.101,132.345,115.662,38.094,0.5,100.0,23.8,11.5,23.9,15.9,1495.86,2.92,6.032,0.012,216.84,5714.63,13
Ansible,2,289.880,135.628,117.679,36.573,0.0,100.0,24.0,11.5,23.7,15.9,1496.28,3.31,5.907,0.013,237.00,5685.74,13
Ansible,1,341.260,162.868,139.879,38.513,0.0,100.0,20.9,11.4,23.1,15.6,1496.10,3.09,4.942,0.010,199.94,5573.51,13
Ansible,1,248.373,98.554,112.117,37.702,0.5,100.0,19.2,15.2,23.7,16.1,1174.46,1.39,5.575,0.007,81.78,3561.29,13
Ansible,2,296.738,140.706,119.204,36.828,0.5,100.0,24.2,11.6,24.4,15.9,1519.14,2.97,5.845,0.011,228.16,5580.81,13
Ansible,2,298.192,136.989,120.068,41.135,0.5,100.0,23.8,11.5,24.8,15.7,1495.89,2.81,5.819,0.011,222.22,5790.52,13
Ansible,2,340.189,161.998,140.793,37.398,0.0,100.0,20.5,11.2,24.1,15.7,1495.90,3.09,4.940,0.010,242.51,5581.31,13
Ansible,2,336.829,159.717,139.653,37.459,0.0,100.0,20.7,11.5,23.1,15.5,1496.55,3.37,4.999,0.011,224.80,5768.96,13
Ansible,2,340.222,160.276,141.223,38.723,0.0,100.0,21.1,11.2,24.6,15.5,1496.18,3.14,4.962,0.010,262.05,5594.27,13
Ansible,2,338.126,160.178,140.307,37.641,0.0,100.0,20.4,11.2,23.3,15.5,1495.87,2.88,4.978,0.010,217.12,5686.60,13
Ansible,2,341.667,165.493,138.411,37.763,0.5,100.0,21.1,11.7,24.1,15.9,1495.96,2.88,4.922,0.009,248.11,5581.95,13
Ansible,2,337.449,159.691,138.826,38.932,0.0,100.0,21.0,11.5,26.4,15.8,1495.85,2.79,5.011,0.009,232.72,5585.75,13
Ansible,2,338.216,161.214,137.651,39.351,0.0,100.0,21.3,11.6,23.4,15.7,1495.77,2.49,5.005,0.008,209.16,5576.50,13
Ansible,2,342.110,164.082,140.204,37.824,0.0,100.0,21.6,11.4,23.8,15.7,1495.87,2.61,4.916,0.009,203.27,5589.36,13
Ansible,2,342.767,163.897,139.728,39.142,0.0,100.0,20.9,11.5,24.7,15.9,1495.88,2.61,4.927,0.009,205.43,5581.31,13
Ansible,2,341.488,161.832,140.095,39.561,0.0,100.0,20.6,11.8,25.8,15.9,1495.88,2.80,4.954,0.009,213.16,5578.17,13
Ansible,2,342.962,164.745,139.913,38.304,0.0,100.0,21.0,11.5,24.1,15.7,1495.91,2.89,4.910,0.009,212.50,5618.59,13
Ansible,2,344.641,162.954,141.917,39.770,0.0,100.0,21.2,11.1,23.5,15.6,1495.86,2.73,4.907,0.009,236.86,5589.92,13
Ansible,2,285.358,133.019,112.408,39.931,0.5,100.0,24.1,11.6,25.5,16.3,1496.22,2.94,6.096,0.012,207.68,5548.45,13
Ansible,2,281.849,131.351,114.052,36.446,0.5,100.0,24.4,12.0,23.3,16.2,1542.27,2.95,6.285,0.012,235.72,5627.84,13
Ansible,2,306.727,143.671,125.719,37.337,0.5,100.0,22.4,11.9,24.9,16.1,1496.29,2.84,5.554,0.011,211.69,5572.32,13
Ansible,2,308.494,144.209,123.234,41.051,0.0,100.0,23.1,12.0,24.3,16.2,1514.14,2.78,5.662,0.010,275.52,5585.48,13
Ansible,2,312.216,147.333,124.630,40.253,0.5,100.0,23.1,11.7,26.4,16.2,1498.10,2.90,5.508,0.011,274.24,5725.02,13
Ansible,2,303.405,143.349,123.865,36.191,0.5,100.0,23.2,12.0,23.7,16.1,1542.29,2.85,5.772,0.011,237.68,5753.71,13
Ansible,2,304.941,144.938,124.877,35.126,0.5,100.0,22.8,11.9,24.0,16.3,1496.27,2.83,5.546,0.010,237.61,5697.39,13
Ansible,2,303.143,139.930,123.443,39.770,0.0,99.5,22.4,11.9,24.0,16.1,1496.25,2.79,5.681,0.011,281.32,5935.98,13
Ansible,2,307.380,143.419,122.720,41.241,0.0,100.0,22.8,12.0,22.6,16.0,1496.29,2.78,5.622,0.010,217.91,5572.07,13
Ansible,1,300.149,141.762,122.496,35.891,0.0,100.0,22.4,11.9,23.6,16.1,1496.31,3.28,5.662,0.012,234.14,5753.83,13
Ansible,2,303.978,142.434,123.659,37.885,0.0,100.0,23.0,12.2,24.7,16.4,1496.21,2.39,5.623,0.009,244.36,5909.90,13
Ansible,2,267.346,147.698,149.889,42.000,0.1,100.0,22.6,11.9,24.9,15.8,1493.00,3.82,5.680,0.010,231.88,5775.03,13
Ansible,2,277.209,132.026,121.687,41.276,0.0,100.0,23.5,12.2,22.6,16.2,1418.46,2.86,5.951,0.010,235.38,5358.61,13
Ansible,2,257.290,140.038,119.871,40.050,0.0,100.0,20.4,11.4,24.1,15.7,1489.94,2.41,5.555,0.010,235.03,5775.48,13
Ansible,2,336.134,143.074,146.701,41.623,0.3,100.0,22.6,11.0,23.1,16.1,1545.00,1.84,5.609,0.011,194.87,5617.44,13
Ansible,2,319.930,132.392,110.000,37.991,0.2,100.0,21.8,11.5,23.6,15.4,1518.16,2.56,6.282,0.010,188.66,5934.99,13
Ansible,2,263.683,133.726,142.952,38.605,0.0,100.0,23.9,11.7,22.7,15.6,1545.00,2.89,5.549,0.011,194.39,5224.63,13
Ansible,2,283.846,118.088,146.561,39.402,0.2,100.0,24.8,12.0,24.8,15.6,1470.72,2.98,5.878,0.012,203.18,5655.97,13
Ansible,2,354.677,132.651,124.942,38.350,0.3,100.0,24.5,11.0,23.8,15.8,1465.02,3.04,5.208,0.010,211.68,5713.90,13
Ansible,2,309.156,151.647,111.941,38.518,0.0,100.0,22.5,12.0,24.0,16.2,1490.66,2.82,6.270,0.010,190.18,5964.90,13
Ansible,2,311.678,148.715,115.722,39.207,0.0,100.0,22.0,12.1,23.1,15.7,1488.16,2.30,6.042,0.010,258.94,5406.11,13
Ansible,2,272.291,146.470,121.636,37.473,0.1,100.0,25.9,11.7,24.4,15.4,1473.06,1.99,5.545,0.012,211.68,5758.96,13
Ansible,2,277.182,140.835,110.000,42.000,0.7,100.0,26.0,12.6,24.9,15.7,1545.00,2.76,5.863,0.010,229.90,5579.87,13
Ansible,2,267.287,145.799,113.506,35.958,0.5,100.0,20.0,11.9,24.4,16.3,1511.24,2.04,5.370,0.011,237.87,5880.57,13
Ansible,2,254.690,135.850,126.558,40.008,0.2,100.0,22.7,11.6,24.4,15.8,1442.89,3.08,5.682,0.008,192.25,5833.32,13
Ansible,2,292.302,143.691,110.000,38.500,0.3,100.0,23.2,11.3,24.7,16.3,1475.11,3.42,6.105,0.008,209.47,5455.19,13
Ansible,2,320.502,156.866,141.433,35.456,0.3,100.0,22.0,11.1,25.5,15.9,1499.38,3.12,5.579,0.011,230.48,5444.02,13
Ansible,2,316.373,133.681,140.603,41.885,0.7,100.0,23.4,11.8,24.4,15.9,1522.71,2.85,5.644,0.013,233.02,5640.13,13
Ansible,2,322.909,158.678,129.862,35.010,0.2,100.0,20.7,11.7,23.6,15.9,1404.53,2.88,6.400,0.012,249.53,5385.51,13
Ansible,2,310.023,140.159,110.000,38.633,0.1,100.0,21.7,11.8,23.8,16.1,1524.52,3.21,5.863,0.010,205.04,5235.39,13